wallet,received_O,sent_out_O,n_out_transfers,first_destination,first_tx
0x1ece3d625bfb6123438736a6c64318894b15ddca,2863.37,2863.37,1,0x411d2c093e4c2e69bf0d8e94be1bf13dadd879c6,0x88e75c68f7880217f3815d78193acbf516a439430c3ea5271d2cd211024aa49d
0x27b5a8de555902dbf05d229f905694d19bccba11,1926.43,1926.43,1,0x7747f8d2a76bd6345cc29622a946a929647f2359,0xf7d8635c64399230b41ca3f8d1f561533eb99a6a1b834961c34c1a8c94235f49
0x67a715794b5e3ba15fa11c5ccda3fd8bb5f00187,1343.21,1343.21,1,0x45643fe996fc50d887a1ccf933f28bb93e4fd35f,0x4b9fec9d0415e61bcccbcfedb0d8b33eba5167436a409958e125f63017a38166
0x2a1d37b04715f51b08432308943e3740f44e94d9,800,800,1,0x7747f8d2a76bd6345cc29622a946a929647f2359,0x403b896993913ca515f1e9d36e5b189c6c2730630788be919174d7f42bee1430
0x25d7b6475fbcfeb7b7b68dbf1741a85d56eee1de,800,800,1,0x411d2c093e4c2e69bf0d8e94be1bf13dadd879c6,0x7076e52af1264f95b6062b61c98d8344b4d557e03e109b588f84803ce764a206
0xb087c1c0e6fb86900cf6081f457717b2eabeedda,800,800,2,0x7747f8d2a76bd6345cc29622a946a929647f2359,0x444c3124055ebd02493b9c6df10124cf4a236a7e185af3c84798a4159d53f94e
0xdc8904d28713c00e19c11bc4f9eb75fc78e0a385,800,800,1,0x7747f8d2a76bd6345cc29622a946a929647f2359,0x815c5353e09f832887519d1355ea1ce3b1a68cfc76215bb3d7e5df84a24fe8d5
0xc86aed3b959b775900c7bdfc578704384b596275,277.12,277.12,1,0x7747f8d2a76bd6345cc29622a946a929647f2359,0xdeea81fb26f812886920a89f347266b9398f6fdf4429cea34ceb46ff41491f45
0xa4f1b982586cbac09d8d6b73d8d974a31259505c,194.12,194.12,1,0x7747f8d2a76bd6345cc29622a946a929647f2359,0xe82b1cce4fcc0573314dd55eaace82b50240af7e3908f60d91a098231af46265
0x45439254a5188d2fce6dc938b588985a53db60f8,180.2,180.2,1,0x7747f8d2a76bd6345cc29622a946a929647f2359,0xa5c0220531004b4de71b424e7984134d688406379e1649d94b973f0ef0d1821e
0xfddad0d64fd7652defd1d69cfc20963bbc18afcb,132.52,132.52,1,0x7747f8d2a76bd6345cc29622a946a929647f2359,0xd55ae271548f85282190d6b0b9d7a7797909fb35976a012f774c2ddd4503bf75
0xbb1933b27133d2da0ca9e64a3137a3f024fb68c3,100,100,1,0xb300000b72deaeb607a12d5f54773d1c19c7028d,0x3a403b38780516aae320d306f3c5d03ba9fe6baa905759b0335e962548b1c87d
0x26155ea138f0e9af5bf06d3f9688b5ed1544eba4,100,100,1,0x7747f8d2a76bd6345cc29622a946a929647f2359,0x1cd0eec4d838a3138507a01324e59cec9ae9cb0fbd0716aa985dc5b1f79cd905
0x96c1a8c1396ae1f0cc1aeb7a002d1d099111ac44,100,100,1,0xcc46058308feec4d994703a3f7d0257ecb5500b3,0xb778787889fb0fec4086e1f670733d409ead5bde6aae6d5df483adc88d9d591b
0xb09146a3eda37b91f0cf0d9908e290f869e5b04b,100,100,1,0xcc46058308feec4d994703a3f7d0257ecb5500b3,0xd952baf9c9ed993694bdd921a8d0a16da46b5b294ba7635534d3190374bfe5e1
0x29d0fd1090ba2071a3dadfb3ab0dd94ce5fdf122,91,91,1,0x7747f8d2a76bd6345cc29622a946a929647f2359,0xcaf835bf6eccbfb41d01641309d7f725ab9c61328522c165792a80e23891ce81
0xc4ab7b1ea1ec074ccd9f0f25a32884e8e4155ecc,64.18,64.18,1,0x7747f8d2a76bd6345cc29622a946a929647f2359,0xc3474a3adf9e9de22c8867542c3cae619c7b76b362a21b46b76fe0a0f6cabac2
0xf81b78a7dade667bb6025eb7a9c5fb7497cfa9e2,58.1,58.1,1,0x411d2c093e4c2e69bf0d8e94be1bf13dadd879c6,0x190b534153349563cae7e9bc7858af7e5463feb7128a59ccca9769a4192ca410
0xd9b2732663c55acbbd27c0ba662882d97c71286e,44.77,44.77,1,0x7747f8d2a76bd6345cc29622a946a929647f2359,0x1b52f6afadc8cb747331e4570173c46752c68a3f659888fc88dc51d516a35e37
0x3030eee6d9276f354171495470d8db709ca8a046,36.36,36.36,1,0x750746a3673426547c07c88b38c6cf636b7b4918,0xb496bf73329e67de02f6a5dac5342939c4f705e1e9edbc852dbbba5053d059dd
0x687ee3724e238236952e8e243a2a81d51e667073,33.99,33.99,1,0x7747f8d2a76bd6345cc29622a946a929647f2359,0x08d69a8f88511c4d350740b6118cb2cc8a07f5ac61daea511f8386becbaf1857
0xfc73e1a36683656fbc8037d11faf71d95e84a603,30.81,30.81,1,0x7747f8d2a76bd6345cc29622a946a929647f2359,0x9cbb017485702a7f26a58b03426948bc087ec1839e8609f9eca98da7e458a7fc
0xac93b59817e89ac619c13c3efde54cd31ffaa64d,27.53,27.53,1,0x411d2c093e4c2e69bf0d8e94be1bf13dadd879c6,0x70f33971afdf05dfb5dc10c9cbf1d411f7932a5dd14c7b9c82b970b38f3f3be0
0x0ab4f3791acb3e8f9912452ffda5a781431360df,27.45,27.45,1,0x51cd6dad4d6a2981c6c3e3bb6965537a831110d8,0x78115fdd4424a9de2e346094076169226a48861f5f9aba15adebdb8dbf7fff12
0xf9f4a5f200b88313d354468ae94eceffb87c7ff9,21.69,21.69,1,0x51cd6dad4d6a2981c6c3e3bb6965537a831110d8,0x5d50eeef23075d6c58e0448b159783edb849198d901cf347d32486bcf363e9ea
0xdd5ee8204c9080a63567a3feb0599eb2581ecd9e,18.98,18.98,1,0x51cd6dad4d6a2981c6c3e3bb6965537a831110d8,0x6526c7096e1d8273ddec658f0ddd81a887605528890994cd38c3bce5e2a9c059
0x873b72c46f132833216dfe4e9404d3e6d4d24cb7,18.18,18.18,1,0x7747f8d2a76bd6345cc29622a946a929647f2359,0xe305d28dd296508437fec43eb57ab6c2750946b1c3f3f9f9ccf5a8b9541edbe2
0xb317253ca7a9031de5ec1b3f967b38054f290530,16.34,16.34,1,0xda2415150c5fb1c2373f3cd2ad8f6dbe18f56b64,0x90fa3b1015400908eb0741e522cd1de5532dae6157b3e4b3033c2a9435e1e3b5
0xe2efd277f1cca2fed137c84f8757690a47e1d969,14.81,14.81,1,0x411d2c093e4c2e69bf0d8e94be1bf13dadd879c6,0xf27db4e69aacdd9abab915878b5ceaae8b9357a547d6948e9bd60f2700e4bd67
0xd1197d82ed713484cffe1fb22dea25ee03232790,9.78,9.78,1,0x7747f8d2a76bd6345cc29622a946a929647f2359,0xbddcd323accf967035787d9b522d5d43a05a58abe97bf6454a580c06fc8c42b2
0x07883b4eab2416351a9781b5ae1290fd678b1253,6.81,6.81,1,0x750746a3673426547c07c88b38c6cf636b7b4918,0xfb0bf585edf1dc5a3078ac3dd547c8a3970ce569e86b8a99197ca2bc99f6142f
0x6519cb1692d4c65f1ec031c3295a02808da47af6,6.74,6.74,1,0x750746a3673426547c07c88b38c6cf636b7b4918,0x6a9eea734624ab09350a7bcb301c5b30950aee66a9f73b1780b58f9314fab5bf
0x75b0bc3ebe9f0ed99231047c387dfe6065f2cc9d,6.35,6.35,1,0x750746a3673426547c07c88b38c6cf636b7b4918,0xed8b4d8ff62cfbf559149c185d8e6e2909a30cec070f52328c60c40896ad147a
0xd9b1e23fe9e47bf39f28142cc67724a59b28d385,6.23,6.23,1,0x7747f8d2a76bd6345cc29622a946a929647f2359,0x75bb700c1eeeff93ddff62a9bdf67a16a84e01676ce5a5ede0d1694cadbd1553
0x77a6098a095f096a3991cd5bcf49b58617a6ccaa,4.73,4.73,1,0x7747f8d2a76bd6345cc29622a946a929647f2359,0x2fc1b90e4daaa7a4c4474dbcb577223c386f0400c1a839d0c31be166dc52111e
0x750746a3673426547c07c88b38c6cf636b7b4918,4.43,60.69,1,0x45643fe996fc50d887a1ccf933f28bb93e4fd35f,0xf476c67b09e541269f7c58b03d00a20071478b233269a6bf2d509ee5646eed99
0x7e68bd4324a95bf9a5e7834d528cc0469d276e8f,3.85,3.85,1,0xbe96d4964d89c17c2c8c4d230313b8b6f7f6507a,0xabf4c0c2d7c820eb51cd6b3fc1fb9329e632e1e3ddd5b7fe3fd691a471564cb9
0xa937a665831fc24b74fc4920fbc3cfed2190fa8a,2.34,2.34,1,0x7747f8d2a76bd6345cc29622a946a929647f2359,0x8a4b62dd050ba146be958a682c5df79b80f2d8ff26197efc6c96ad6ce076198b
0x5f99379e5cf36bb6e43ffa2c4fd20037375540ee,2.19,2.19,1,0x7747f8d2a76bd6345cc29622a946a929647f2359,0x347382801af85339a4f22b9bc78355e3963b876f86344655057d2534978ab142
0x3daa2638e9b79aefa587d83d9bb64e4765402d5f,1.6,1.6,1,0x7747f8d2a76bd6345cc29622a946a929647f2359,0x77f592f500e5d359bbfa9bfd6e6913062526b284a3188bdd5ba88aeaea3a6071
0x8358048ad4d53c2c4a44935f170576b35f9912cc,1,1,1,0x7747f8d2a76bd6345cc29622a946a929647f2359,0x2bd923417b4c6e8e1402eb548a86858fd050312cc9495585f9041005e4c9012c
0x92778d8c04181cd00b2b6f369a3234cc5532be2e,1,1,1,0x7747f8d2a76bd6345cc29622a946a929647f2359,0x82121ad95ae74574b26803a078c9ecde74f7af03e70e83dbd6203b32b7a5e085
0xaaa233877f6462c2c45f5b340eb851021d4e81c3,1,1,1,0x0cf8dcc81f2429198c8084cb108260055d3cc852,0x643427e7bdf1a8706e5ceea6dbc747aae2c2060424f963e026373ae15c0e1097
0xff60ffbd59ccff72ea583725be6be7fa087a34e2,1,1,1,0x7747f8d2a76bd6345cc29622a946a929647f2359,0x85a464d625795ac287e81994ae38afe8d76631ac1a9d80c7da90f90b0f7578dc
0xd64940af49a45dff1dde221097a5539216bf82e3,1,1,1,0x7747f8d2a76bd6345cc29622a946a929647f2359,0x24de3537d9042e84106eb166d53c949e3750a8d9de62e2c9af4e12def7bd5494
0x0711ad167e9069e100c16d4ce9c2143748e2e228,1,1,1,0x7747f8d2a76bd6345cc29622a946a929647f2359,0x85155617a4aba662603c97183993d80ece0499cd57cb69206e49d8e4cab603f1
0xfd767f23989f3f4b34d86b8fba82b3122f5dee32,1,1,1,0x86e95581e41946ed84956433a8a9c836bcba636c,0x1b8537a28012b3b62b214dfbc2259bca9dc0ad988eb9bc3527af0c941655b958
0x49a614e870484ba3f7a814a866904cc4ef78d87e,1,1,1,0x86e95581e41946ed84956433a8a9c836bcba636c,0x7fa8d797e59a2ad7874a3a1b6a4691e346e29d28e120140e4d8190aa4c8b3fe6
0x62968b52e43f5361fe551da341a3376f0b9432b9,1,1,1,0x7747f8d2a76bd6345cc29622a946a929647f2359,0x7387877e8330d935aa5f912b7f04c4c3ea0aba4a1c20885c2fafee843bade0b8
0xa3260df6d318c1cc4b043167ec9f619894cce19a,1,1,1,0x0d3e965c8a16ffe5f9f45cb2c44ea53f3e4abc14,0x6ab8c5c5e4c6f64edc51f17cb156a0320e0909a097e5d4025820c1577ecbb01e
0x4dd3113e5894d97b723ed87ecdb1f81f55a8fa8a,1,1,1,0x7747f8d2a76bd6345cc29622a946a929647f2359,0x2fc04c0b4f2b2de638998d5400ddb108e4a5b160c28285b90e20e8abd153543b
0x5cb49624f7925271c9036264d42e35d25326be2a,1,1,1,0x7747f8d2a76bd6345cc29622a946a929647f2359,0x0c77e8e0a5aa5dd91af954f4f11ef59a1ae8d1ce6a340f32d3f55a47fe5c3dc7
0x5e8314baa90db576a2fff9932b6c53beef681463,1,1,1,0x7747f8d2a76bd6345cc29622a946a929647f2359,0xe2d2bcd1930f8189b02c2103eade4ae4e427d82c6e6b8c1c7033d414f31bf0ba
0xd0b2c03bdabcbb1ccf4e93ab2da699d5b9d1c26c,1,1,1,0x7747f8d2a76bd6345cc29622a946a929647f2359,0xff4f2a593bbf34858f9d7618e40b732ccca1a754f296fdd36af7e6ecf68b55e5
0x44e4e6d45d4fd534127397b7adc9bdd2baf15b62,1,1,1,0x0d3e965c8a16ffe5f9f45cb2c44ea53f3e4abc14,0xe111fedb13acb6dfd1ad21bfd16f360f24aadd5b6d52412269e87ffdb876b7a8
0x122ea779c02427eb76c4c19412817147c2eb7008,1,1,1,0x7747f8d2a76bd6345cc29622a946a929647f2359,0xbe4f0e11783c79153abde98225ebb727cab85f49994ff3d08eb1431f28ea0633
0xfa0c8e8678a9e4784c6cbcbee699df1eff88f892,1,1,1,0x7747f8d2a76bd6345cc29622a946a929647f2359,0x1a51f5f65dc402d1e5b140b1255598183969214ba33fe114d821508385d25618
0xa639318a63af7edaf5b284024e333b4ec24aef23,1,1,1,0x7747f8d2a76bd6345cc29622a946a929647f2359,0x50e5abed0b1372141d713d6b5bf2a201d2562ec9ded25f7c581ff08c4ee49829
0x4fbde65f323ab328b289c5dad670cbce5b2215de,1,1,1,0x7747f8d2a76bd6345cc29622a946a929647f2359,0xbd79b0f4663f25d1f26a8787cf473851ad0e9a1d062f243a137f616351079228
0xb21c252194e792219e16e2d4c59b03c0233c1350,1,1,1,0x7747f8d2a76bd6345cc29622a946a929647f2359,0xb8802713c88575053d20c2649c4a0149f8d0cb8a8dc8c1459d91a7be5f4a01df
0x38d80cb5d9c3b40a5f5f66673e414b261ad02210,1,1,1,0x7747f8d2a76bd6345cc29622a946a929647f2359,0xcced01aebd69277d28a10b61823b30ee853c5f33f354a924a7ceebcd27f52cef
