run_id,length,start_block,end_block,total_O,avg_per_wallet_O
P01,100,47479105,47479279,238585.21,2385.85
P02,100,47479292,47479512,242680.15,2426.80
P03,100,47479855,47480050,238363.81,2383.64
P04,100,47480059,47480224,238540.93,2385.41
P05,100,47481944,47482131,241693.72,2416.94
P06,100,47482199,47482392,239188.28,2391.88
P07,100,47482879,47483054,239021.27,2390.21
P08,100,47484499,47484663,241977.93,2419.78
P09,100,47484870,47485053,239072.05,2390.72
P10,100,47487477,47487758,242539.61,2425.40
P11,100,47517744,47518047,241062.00,2410.62
P12,100,47518116,47518420,240463.98,2404.64
P13,100,47526872,47527169,241391.70,2413.92
P14,100,47528695,47528990,242277.54,2422.78
P15,100,47531021,47531323,242227.48,2422.27
P16,100,47532545,47532841,239777.88,2397.78
P17,100,47550712,47551443,242940.06,2429.40
P18,100,47553500,47554556,241849.66,2418.50
P19,100,47564409,47566682,240603.80,2406.04
P20,100,47568208,47573268,240767.45,2407.67
P21,100,47617057,47617737,240255.58,2402.56
